listing_url,picture_url,host_id,host_url,host_name,host_picture_url,host_listings_count,neighbourhood_cleansed,neighbourhood_group_cleansed,latitude,longitude,property_type,price,monthly_price,minimum_nights,availability_365
https://www.airbnb.com/rooms/9029345,https://a2.muscache.com/im/pictures/940648da-0cb7-4d56-af66-dc237969bb7e.jpg?aki_policy=large,30283594,https://www.airbnb.com/users/show/30283594,Kara,https://a2.muscache.com/im/users/30283594/profile_pic/1427748834/original.jpg?aki_policy=profile_x_medium,767,Financial District,Manhattan,40.70486123,-74.00951844,Apartment,189,6479,30,179
https://www.airbnb.com/rooms/11906826,https://a2.muscache.com/im/pictures/90ae5989-69e5-4953-b1b7-3aa8fea5f1a4.jpg?aki_policy=large,48618586,https://www.airbnb.com/users/show/48618586,Evolve Vacation Rental,https://a2.muscache.com/im/pictures/8ac04448-f2f0-4ca6-8880-3b5732c1170e.jpg?aki_policy=profile_x_medium,634,Sheepshead Bay,Brooklyn,40.5839959,-73.93514129,Condominium,211,,5,127
https://www.airbnb.com/rooms/10140088,https://a2.muscache.com/im/pictures/301b6078-3568-46b1-a3d2-f1622b4bcf62.jpg?aki_policy=large,50521917,https://www.airbnb.com/users/show/50521917,Evolve Vacation Rental,https://a2.muscache.com/im/pictures/0c5c43e2-8c99-482c-926a-b7172f35f69f.jpg?aki_policy=profile_x_medium,576,Bedford-Stuyvesant,Brooklyn,40.68081884,-73.92947264,Apartment,149,,2,132
https://www.airbnb.com/rooms/14669678,https://a2.muscache.com/im/pictures/ef95fc1d-2965-4148-a2a8-fe5bcaa8db9f.jpg?aki_policy=large,86748234,https://www.airbnb.com/users/show/86748234,Evolve Vacation Rental,https://a2.muscache.com/im/pictures/46a5d45b-d5bc-4e1d-ae09-782b235fdf07.jpg?aki_policy=profile_x_medium,413,East Flatbush,Brooklyn,40.63912059,-73.94863136,Apartment,97,,2,189
https://www.airbnb.com/rooms/6117496,https://a1.muscache.com/im/pictures/76231339/763c2d41_original.jpg?aki_policy=large,30787515,https://www.airbnb.com/users/show/30787515,Brooke,https://a2.muscache.com/im/users/30787515/profile_pic/1428436742/original.jpg?aki_policy=profile_x_medium,235,Midtown,Manhattan,40.763653,-73.98056953,Apartment,349,,2,179
https://www.airbnb.com/rooms/14944255,https://a2.muscache.com/im/pictures/71844fdd-ee8c-4241-bb2c-ab27a6ea6302.jpg?aki_policy=large,2856748,https://www.airbnb.com/users/show/2856748,Rachel,https://a2.muscache.com/im/users/2856748/profile_pic/1361696551/original.jpg?aki_policy=profile_x_medium,119,Financial District,Manhattan,40.70862398,-74.00542681,Apartment,300,,14,349
https://www.airbnb.com/rooms/6323824,https://a0.muscache.com/im/pictures/79038252/15ef5e23_original.jpg?aki_policy=large,14678347,https://www.airbnb.com/users/show/14678347,Avishay,https://a1.muscache.com/im/users/14678347/profile_pic/1400611274/original.jpg?aki_policy=profile_x_medium,83,West Village,Manhattan,40.73105364,-74.00797394,Apartment,340,,3,365
https://www.airbnb.com/rooms/9404068,https://a2.muscache.com/im/pictures/a3bd98d1-493b-4082-aaa9-25750469450d.jpg?aki_policy=large,16098958,https://www.airbnb.com/users/show/16098958,Jeremy & Kate,https://a2.muscache.com/im/pictures/5e196c9a-dedf-4e49-8f71-8f5c85ac96a8.jpg?aki_policy=profile_x_medium,77,Upper West Side,Manhattan,40.79284944,-73.96700473,Apartment,140,3500,30,312
https://www.airbnb.com/rooms/14756564,https://a2.muscache.com/im/pictures/70be6476-eadd-41b6-ae95-50b979d32f23.jpg?aki_policy=large,669759,https://www.airbnb.com/users/show/669759,Oasis,https://a2.muscache.com/im/pictures/df323f51-ba5f-411b-bec5-b6a1db069b38.jpg?aki_policy=profile_x_medium,72,Chelsea,Manhattan,40.74370184,-73.99484802,Apartment,699,,6,171
https://www.airbnb.com/rooms/13939309,https://a2.muscache.com/im/pictures/0c6d8e23-0a3e-4965-8207-bf3cd26542e9.jpg?aki_policy=large,19056065,https://www.airbnb.com/users/show/19056065,Tony,https://a1.muscache.com/im/users/19056065/profile_pic/1406688826/original.jpg?aki_policy=profile_x_medium,68,Midtown,Manhattan,40.75007527,-73.98377184,Condominium,350,,1,180
https://www.airbnb.com/rooms/13667355,https://a2.muscache.com/im/pictures/e9297fe2-8b92-41d9-9346-d4cf491651b0.jpg?aki_policy=large,79293779,https://www.airbnb.com/users/show/79293779,Kyle,https://a2.muscache.com/im/pictures/1dc84d2b-ce94-4653-85c0-e82ec1999ba9.jpg?aki_policy=profile_x_medium,62,Chelsea,Manhattan,40.75255811,-74.00200448,Apartment,440,,15,89
https://www.airbnb.com/rooms/10965574,https://a2.muscache.com/im/pictures/f65ff945-650e-4157-bf98-6c18d9dc09d9.jpg?aki_policy=large,3975009,https://www.airbnb.com/users/show/3975009,Elisabet,https://a2.muscache.com/im/pictures/1a496050-6c0f-47a5-a069-ee6c52bd456a.jpg?aki_policy=profile_x_medium,57,Midtown,Manhattan,40.76578244,-73.98051572,Condominium,355,,7,358
https://www.airbnb.com/rooms/15018646,https://a2.muscache.com/im/pictures/a255cfa0-fe17-45b0-ab3a-087a1a11bfc4.jpg?aki_policy=large,64065593,https://www.airbnb.com/users/show/64065593,ResortShare5,https://a2.muscache.com/im/pictures/17bd4f01-8622-41eb-a0b8-8459e8072c8a.jpg?aki_policy=profile_x_medium,55,Midtown,Manhattan,40.75233011,-73.97136575,Condominium,325,,2,75
https://www.airbnb.com/rooms/7591313,https://a2.muscache.com/im/pictures/880c5e23-84f9-44a6-8aeb-8f1da27daa97.jpg?aki_policy=large,29160552,https://www.airbnb.com/users/show/29160552,Nicolas,https://a1.muscache.com/im/users/29160552/profile_pic/1426091504/original.jpg?aki_policy=profile_x_medium,47,Midtown,Manhattan,40.74683222,-73.98752098,Apartment,190,,5,306
https://www.airbnb.com/rooms/5932878,https://a0.muscache.com/im/pictures/73883487/6d9b920a_original.jpg?aki_policy=large,5418015,https://www.airbnb.com/users/show/5418015,Julie,https://a2.muscache.com/im/users/5418015/profile_pic/1417646487/original.jpg?aki_policy=profile_x_medium,41,Nolita,Manhattan,40.7240712,-73.99554999,Apartment,194,4920,30,351
https://www.airbnb.com/rooms/12404679,https://a2.muscache.com/im/pictures/07851082-f1a1-4e04-a528-12ec6adeefcf.jpg?aki_policy=large,61532697,https://www.airbnb.com/users/show/61532697,Tania,https://a2.muscache.com/im/pictures/c4444f01-7e98-4916-a3ad-18227f2d0c1f.jpg?aki_policy=profile_x_medium,40,Midtown,Manhattan,40.75227624,-73.97337499,Condominium,299,,2,166
https://www.airbnb.com/rooms/13915528,https://a2.muscache.com/im/pictures/b845c97a-546a-4b8f-8b98-f3ae39cb6292.jpg?aki_policy=large,50999731,https://www.airbnb.com/users/show/50999731,Elite Lux Life,https://a2.muscache.com/im/pictures/5b5891b4-8321-4ba2-9ac1-73acb5c8b5ac.jpg?aki_policy=profile_x_medium,39,West Village,Manhattan,40.73501124,-74.01010567,Condominium,3150,,3,363
https://www.airbnb.com/rooms/15284819,https://a2.muscache.com/im/pictures/3010cc21-18fc-4460-b40a-2d6f895f4696.jpg?aki_policy=large,60085031,https://www.airbnb.com/users/show/60085031,Vacation Generation,https://a2.muscache.com/im/pictures/e9e598c2-43dd-4ac6-a94e-47147cfc9783.jpg?aki_policy=profile_x_medium,33,Midtown,Manhattan,40.75359702,-73.97305906,Condominium,295,,3,279
https://www.airbnb.com/rooms/5018249,https://a0.muscache.com/im/pictures/65274802/165fd0f7_original.jpg?aki_policy=large,2677753,https://www.airbnb.com/users/show/2677753,Regina,https://a1.muscache.com/im/users/2677753/profile_pic/1340088537/original.jpg?aki_policy=profile_x_medium,32,Midtown,Manhattan,40.76508308,-73.98164156,Villa,999,,2,331
https://www.airbnb.com/rooms/14219470,https://a2.muscache.com/im/pictures/d1becc8b-73cf-4f0a-9ac3-9174d93fe5a8.jpg?aki_policy=large,77508090,https://www.airbnb.com/users/show/77508090,Hello,https://a2.muscache.com/im/pictures/c3849900-7d6b-4451-9d20-ef17cc0181f1.jpg?aki_policy=profile_x_medium,30,Midtown,Manhattan,40.75231796,-73.9719654,Apartment,225,,3,203
https://www.airbnb.com/rooms/13019720,https://a2.muscache.com/im/pictures/c27f1d86-08d9-4972-8dfc-f60ea6bb39ea.jpg?aki_policy=large,57574248,https://www.airbnb.com/users/show/57574248,Christine,https://a2.muscache.com/im/pictures/1729ee20-b5da-43ab-a1ea-7be09c6da504.jpg?aki_policy=profile_x_medium,30,Midtown,Manhattan,40.75330371,-73.97346448,Villa,375,,3,89
https://www.airbnb.com/rooms/10017458,https://a2.muscache.com/im/pictures/1e7d76d1-2d0b-4e9d-ae3b-777aa35ae92b.jpg?aki_policy=large,50760546,https://www.airbnb.com/users/show/50760546,CRNY Monthly Rentals,https://a2.muscache.com/im/pictures/5db2ca63-504b-421e-aa7a-b98843a16c5b.jpg?aki_policy=profile_x_medium,30,Kips Bay,Manhattan,40.74494624,-73.97627224,Apartment,125,,30,351
https://www.airbnb.com/rooms/9646822,https://a2.muscache.com/im/pictures/319f06c8-5259-4004-822f-f8b7490a81f9.jpg?aki_policy=large,46978859,https://www.airbnb.com/users/show/46978859,Claudette,https://a2.muscache.com/im/pictures/3321497f-8adc-4bc3-a662-2173a3c52ee1.jpg?aki_policy=profile_x_medium,29,Hell's Kitchen,Manhattan,40.76141992,-73.98873931,Apartment,138,3603,30,365
https://www.airbnb.com/rooms/727512,https://a2.muscache.com/im/pictures/24799257/82f7145f_original.jpg?aki_policy=large,417504,https://www.airbnb.com/users/show/417504,Dana,https://a2.muscache.com/im/users/417504/profile_pic/1299335809/original.jpg?aki_policy=profile_x_medium,28,Greenpoint,Brooklyn,40.73866892,-73.95447913,Apartment,199,,3,365
https://www.airbnb.com/rooms/13294817,https://a2.muscache.com/im/pictures/3f7d7e4a-5d12-4ed3-af56-3620ec737dd1.jpg?aki_policy=large,46335228,https://www.airbnb.com/users/show/46335228,Meital,https://a2.muscache.com/im/pictures/904c2228-423a-45c8-84cd-e7b0e3592078.jpg?aki_policy=profile_x_medium,27,Little Italy,Manhattan,40.71875384,-73.99905255,Apartment,260,,30,365
https://www.airbnb.com/rooms/4902497,https://a0.muscache.com/im/pictures/61482391/c0c77c82_original.jpg?aki_policy=large,25237492,https://www.airbnb.com/users/show/25237492,Juliana,https://a0.muscache.com/im/users/25237492/profile_pic/1419639935/original.jpg?aki_policy=profile_x_medium,27,Upper East Side,Manhattan,40.76066889,-73.96019877,Apartment,375,4750,30,270
https://www.airbnb.com/rooms/12629694,https://a2.muscache.com/im/pictures/0072de40-baff-478c-a772-74473e099d03.jpg?aki_policy=large,838828,https://www.airbnb.com/users/show/838828,Moblat,https://a1.muscache.com/im/users/838828/profile_pic/1316843774/original.jpg?aki_policy=profile_x_medium,26,Astoria,Queens,40.76021659,-73.91344089,Apartment,125,,1,333
https://www.airbnb.com/rooms/15204878,https://a2.muscache.com/im/pictures/d45db12a-eb93-4f99-be98-e39cccaf1f63.jpg?aki_policy=large,96098402,https://www.airbnb.com/users/show/96098402,Carrie,https://a2.muscache.com/im/pictures/cd3dacef-7d9f-41a9-82e1-b10b34ce2212.jpg?aki_policy=profile_x_medium,26,Midtown,Manhattan,40.75362288,-73.97158347,Condominium,549,,1,365
https://www.airbnb.com/rooms/13732473,https://a2.muscache.com/im/pictures/ca81ff38-fdac-40ce-8332-f13caf1e1eaa.jpg?aki_policy=large,43326493,https://www.airbnb.com/users/show/43326493,Joana,https://a2.muscache.com/im/pictures/f045ba0b-ee16-4061-ac48-1e193bd7dc94.jpg?aki_policy=profile_x_medium,21,Chelsea,Manhattan,40.75196518,-73.99716864,Apartment,149,,1,346
https://www.airbnb.com/rooms/13032261,https://a2.muscache.com/im/pictures/7d07d30f-ab70-46fc-8d65-467ae3009354.jpg?aki_policy=large,57571805,https://www.airbnb.com/users/show/57571805,Gharet,https://a2.muscache.com/im/pictures/648f2add-e24c-486e-a6fc-32895e3a3657.jpg?aki_policy=profile_x_medium,20,Midtown,Manhattan,40.75315343,-73.97339327,Villa,350,,4,147
https://www.airbnb.com/rooms/3771962,https://a0.muscache.com/im/pictures/110234327/c52ec020_original.jpg?aki_policy=large,2622965,https://www.airbnb.com/users/show/2622965,Sylvia And Stephan,https://a2.muscache.com/im/pictures/3973f2ff-898b-4ca9-9b85-8edd6f8857b9.jpg?aki_policy=profile_x_medium,19,Harlem,Manhattan,40.82177984,-73.94339921,Apartment,175,,1,265
https://www.airbnb.com/rooms/9488860,https://a2.muscache.com/im/pictures/129aa07f-9126-4fa1-980d-1e84ac5b0c5b.jpg?aki_policy=large,21093028,https://www.airbnb.com/users/show/21093028,Chad,https://a0.muscache.com/im/users/21093028/profile_pic/1413942907/original.jpg?aki_policy=profile_x_medium,19,West Village,Manhattan,40.73599402,-74.00944016,Apartment,599,,1,365
https://www.airbnb.com/rooms/6487812,https://a0.muscache.com/im/pictures/81557389/bc4374fc_original.jpg?aki_policy=large,4282318,https://www.airbnb.com/users/show/4282318,Al,https://a0.muscache.com/im/users/4282318/profile_pic/1414255119/original.jpg?aki_policy=profile_x_medium,19,Prospect-Lefferts Gardens,Brooklyn,40.65658262,-73.96142693,Apartment,199,,1,149
https://www.airbnb.com/rooms/305245,https://a0.muscache.com/im/pictures/33289410/273d56ed_original.jpg?aki_policy=large,1556814,https://www.airbnb.com/users/show/1556814,Tammy,https://a2.muscache.com/im/users/1556814/profile_pic/1325510782/original.jpg?aki_policy=profile_x_medium,19,Harlem,Manhattan,40.8060361,-73.94603198,Apartment,350,4300,3,291
https://www.airbnb.com/rooms/14807337,https://a2.muscache.com/im/pictures/958f1b50-0041-411b-9ac2-a6159b20bed9.jpg?aki_policy=large,4069585,https://www.airbnb.com/users/show/4069585,Liz,https://a2.muscache.com/im/pictures/4b8f8f68-ed69-49a7-939c-6f8fdb787ef2.jpg?aki_policy=profile_x_medium,18,Kips Bay,Manhattan,40.74208468,-73.9814834,Apartment,750,,1,358
https://www.airbnb.com/rooms/4760107,https://a2.muscache.com/im/pictures/f502753b-786c-4355-9724-a0edab2bd408.jpg?aki_policy=large,16437254,https://www.airbnb.com/users/show/16437254,Benjamin,https://a0.muscache.com/im/users/16437254/profile_pic/1402004963/original.jpg?aki_policy=profile_x_medium,18,Boerum Hill,Brooklyn,40.6890216,-73.98632151,Apartment,116,3544,30,334
https://www.airbnb.com/rooms/8925006,https://a2.muscache.com/im/pictures/621bcb7c-3ad0-4bfa-8c25-d66206f03217.jpg?aki_policy=large,23853826,https://www.airbnb.com/users/show/23853826,Janee,https://a2.muscache.com/im/users/23853826/profile_pic/1416246691/original.jpg?aki_policy=profile_x_medium,18,Midtown,Manhattan,40.75181922,-73.97142214,Apartment,299,,3,354
https://www.airbnb.com/rooms/14699,https://a2.muscache.com/im/pictures/49852010/8c2d7e62_original.jpg?aki_policy=large,55469,https://www.airbnb.com/users/show/55469,Giana,https://a1.muscache.com/im/users/55469/profile_pic/1318567996/original.jpg?aki_policy=profile_x_medium,17,Flatbush,Brooklyn,40.6358948,-73.96053764,House,350,,7,365
https://www.airbnb.com/rooms/13127175,https://a2.muscache.com/im/pictures/e2632f8b-8823-48fc-9a08-28d83aa83ba3.jpg?aki_policy=large,18751338,https://www.airbnb.com/users/show/18751338,Kevin,https://a1.muscache.com/im/users/18751338/profile_pic/1406216060/original.jpg?aki_policy=profile_x_medium,16,Midtown,Manhattan,40.76504028,-73.98158034,Apartment,240,,3,365
https://www.airbnb.com/rooms/2838328,https://a0.muscache.com/im/pictures/73012958/9f4560bf_original.jpg?aki_policy=large,6958867,https://www.airbnb.com/users/show/6958867,Henry,https://a0.muscache.com/im/users/6958867/profile_pic/1371495844/original.jpg?aki_policy=profile_x_medium,16,Upper East Side,Manhattan,40.76410789,-73.95745892,Apartment,190,,1,285
https://www.airbnb.com/rooms/6401440,https://a2.muscache.com/im/pictures/1a6e970a-66cc-4e95-b9c3-45af4ea4e434.jpg?aki_policy=large,9614926,https://www.airbnb.com/users/show/9614926,Fillip,https://a0.muscache.com/im/users/9614926/profile_pic/1382633288/original.jpg?aki_policy=profile_x_medium,16,Bushwick,Brooklyn,40.68488702,-73.90964756,Apartment,108,2550,14,196
https://www.airbnb.com/rooms/13467391,https://a2.muscache.com/im/pictures/6e5528c6-24b8-466a-b975-b405eb3203aa.jpg?aki_policy=large,923047,https://www.airbnb.com/users/show/923047,Anna Maria,https://a0.muscache.com/im/users/923047/profile_pic/1352776199/original.jpg?aki_policy=profile_x_medium,15,Chelsea,Manhattan,40.74869851,-73.99517618,Apartment,200,4000,3,331
https://www.airbnb.com/rooms/10155003,https://a2.muscache.com/im/pictures/82125430-c01b-4f47-b817-01b6ea1691f5.jpg?aki_policy=large,47554473,https://www.airbnb.com/users/show/47554473,Mae,https://a2.muscache.com/im/pictures/c680ce22-d6ec-4b00-8ef3-b5b7fc0d76f2.jpg?aki_policy=profile_x_medium,15,Greenpoint,Brooklyn,40.7275959,-73.94495385,Loft,99,,3,351
https://www.airbnb.com/rooms/3304505,https://a2.muscache.com/im/pictures/e2e231ca-647b-470a-983f-72a9a3b8d46d.jpg?aki_policy=large,2976281,https://www.airbnb.com/users/show/2976281,Mikey,https://a2.muscache.com/im/pictures/17e22b44-b6e8-4a0a-9673-bc8574251abd.jpg?aki_policy=profile_x_medium,14,Hell's Kitchen,Manhattan,40.76556779,-73.98623691,Apartment,199,5397,1,301
https://www.airbnb.com/rooms/12982169,https://a2.muscache.com/im/pictures/bda4be62-4b3c-4f99-a310-33018d0a9cf4.jpg?aki_policy=large,53213930,https://www.airbnb.com/users/show/53213930,West 42nd Street,https://a2.muscache.com/im/pictures/e5c1af4d-0149-4af5-a4be-426fc4498267.jpg?aki_policy=profile_x_medium,14,Hell's Kitchen,Manhattan,40.75918088,-73.99688797,Apartment,150,,1,105
https://www.airbnb.com/rooms/5869360,https://a1.muscache.com/im/pictures/73120344/fdd79054_original.jpg?aki_policy=large,4666670,https://www.airbnb.com/users/show/4666670,Jeanny,https://a2.muscache.com/im/users/4666670/profile_pic/1357928020/original.jpg?aki_policy=profile_x_medium,13,Astoria,Queens,40.77192588,-73.92066961,Apartment,100,1700,1,354
https://www.airbnb.com/rooms/3283405,https://a1.muscache.com/im/pictures/45316996/717d8415_original.jpg?aki_policy=large,6204254,https://www.airbnb.com/users/show/6204254,Carlos,https://a2.muscache.com/im/users/6204254/profile_pic/1372295841/original.jpg?aki_policy=profile_x_medium,13,Middle Village,Queens,40.71021368,-73.87599602,Apartment,140,3000,6,335
https://www.airbnb.com/rooms/11970867,https://a2.muscache.com/im/pictures/0398cc7b-02d1-422a-afe2-ca204fc4f9fd.jpg?aki_policy=large,1410306,https://www.airbnb.com/users/show/1410306,Eugene,https://a1.muscache.com/im/users/1410306/profile_pic/1427150607/original.jpg?aki_policy=profile_x_medium,13,Upper West Side,Manhattan,40.78591945,-73.97446741,Apartment,130,,1,339
https://www.airbnb.com/rooms/12699267,https://a2.muscache.com/im/pictures/30b099c8-8c6f-4f6c-9cc9-335674fc75f7.jpg?aki_policy=large,31307789,https://www.airbnb.com/users/show/31307789,Luffy,https://a2.muscache.com/im/pictures/9ecc5be1-4927-4885-8aee-1eb16c0c4cf7.jpg?aki_policy=profile_x_medium,13,Corona,Queens,40.74707113,-73.85600596,House,219,,5,363
https://www.airbnb.com/rooms/872897,https://a2.muscache.com/im/pictures/32071706/f5572b11_original.jpg?aki_policy=large,4371099,https://www.airbnb.com/users/show/4371099,Fr’©d’©ric,https://a0.muscache.com/im/users/4371099/profile_pic/1355170207/original.jpg?aki_policy=profile_x_medium,12,Upper West Side,Manhattan,40.80101886,-73.96282786,Apartment,455,7995,4,319
https://www.airbnb.com/rooms/57166,https://a1.muscache.com/im/pictures/341681/f6fc8f29_original.jpg?aki_policy=large,272006,https://www.airbnb.com/users/show/272006,Vasili,https://a0.muscache.com/im/users/272006/profile_pic/1352146593/original.jpg?aki_policy=profile_x_medium,12,Ditmars Steinway,Queens,40.77185001,-73.9050239,Apartment,140,6000,2,344
https://www.airbnb.com/rooms/2539002,https://a2.muscache.com/im/pictures/5531b0ff-3481-4645-8d41-93234d139923.jpg?aki_policy=large,8288419,https://www.airbnb.com/users/show/8288419,Jason,https://a2.muscache.com/im/pictures/bc5e14ac-b1dd-4ab3-9856-240062479e7e.jpg?aki_policy=profile_x_medium,12,Sunset Park,Brooklyn,40.63688215,-74.01360946,Apartment,189,5300,1,333
https://www.airbnb.com/rooms/14917681,https://a2.muscache.com/im/pictures/eb2d1688-7437-4c35-a949-69c73190deb6.jpg?aki_policy=large,44965197,https://www.airbnb.com/users/show/44965197,Ming,https://a2.muscache.com/im/pictures/62c76ca0-b686-45f8-98d5-a82aa199c966.jpg?aki_policy=profile_x_medium,12,Bushwick,Brooklyn,40.6885749,-73.90627201,Townhouse,216,,1,283
https://www.airbnb.com/rooms/14440735,https://a2.muscache.com/im/pictures/a3158790-78ba-47b7-93dd-3c2693aafc9e.jpg?aki_policy=large,3094379,https://www.airbnb.com/users/show/3094379,Uchenna,https://a2.muscache.com/im/pictures/20c470e5-47ce-4b8d-b3b6-220997960c9f.jpg?aki_policy=profile_x_medium,12,Bedford-Stuyvesant,Brooklyn,40.69321177,-73.95194243,Apartment,200,,4,85
https://www.airbnb.com/rooms/12293900,https://a2.muscache.com/im/pictures/fa1d54ea-92d0-4597-b662-fef4905f6c9d.jpg?aki_policy=large,11206175,https://www.airbnb.com/users/show/11206175,Kris,https://a0.muscache.com/im/users/11206175/profile_pic/1419391568/original.jpg?aki_policy=profile_x_medium,12,Maspeth,Queens,40.7216257,-73.90611974,House,55,,14,274
https://www.airbnb.com/rooms/14873697,https://a2.muscache.com/im/pictures/65f4a9e2-722a-4ccc-b75a-a5b978b78774.jpg?aki_policy=large,345928,https://www.airbnb.com/users/show/345928,Host Link Travel,https://a2.muscache.com/im/pictures/802d0c33-1c45-4279-9a2d-5e38f7eaacde.jpg?aki_policy=profile_x_medium,12,New Brighton,Staten Island,40.63895629,-74.09124477,Apartment,40,,1,301
https://www.airbnb.com/rooms/7526900,https://a2.muscache.com/im/pictures/7193396b-22b2-4634-ab9e-0d947fc1080a.jpg?aki_policy=large,38700102,https://www.airbnb.com/users/show/38700102,Welcome,https://a2.muscache.com/im/pictures/05341d83-902a-49a4-a5d0-92096f88e676.jpg?aki_policy=profile_x_medium,11,Prospect-Lefferts Gardens,Brooklyn,40.66105722,-73.94706659,House,199,3999,1,364
https://www.airbnb.com/rooms/10367200,https://a2.muscache.com/im/pictures/fd51945f-a228-491f-a19f-3df9af87681e.jpg?aki_policy=large,43224953,https://www.airbnb.com/users/show/43224953,Vaughn,https://a2.muscache.com/im/pictures/a3d024c3-9ffa-4487-8689-c2dbece3299c.jpg?aki_policy=profile_x_medium,11,Bedford-Stuyvesant,Brooklyn,40.69585716,-73.93543063,Apartment,120,,1,354
https://www.airbnb.com/rooms/9549537,https://a2.muscache.com/im/pictures/25462d94-cd6c-459a-9874-e9d4e85784e7.jpg?aki_policy=large,9922972,https://www.airbnb.com/users/show/9922972,Memo & Iso,https://a1.muscache.com/im/users/9922972/profile_pic/1408990891/original.jpg?aki_policy=profile_x_medium,11,Rego Park,Queens,40.7263369,-73.86215069,Apartment,85,,1,339
https://www.airbnb.com/rooms/105510,https://a2.muscache.com/im/pictures/2675067/a08fdf3f_original.jpg?aki_policy=large,322716,https://www.airbnb.com/users/show/322716,Alex,https://a2.muscache.com/im/pictures/15550526-3580-4675-9e1a-06faff135360.jpg?aki_policy=profile_x_medium,11,Crown Heights,Brooklyn,40.67085756,-73.9487228,Apartment,100,2250,14,351
https://www.airbnb.com/rooms/14408114,https://a2.muscache.com/im/pictures/b9ec6f31-2720-4752-9b93-64dfe295ad79.jpg?aki_policy=large,836168,https://www.airbnb.com/users/show/836168,Henry,https://a2.muscache.com/im/pictures/21058924-4847-4866-bbb9-889e61fcbb57.jpg?aki_policy=profile_x_medium,11,Midtown,Manhattan,40.76454562,-73.97958635,Condominium,1250,,6,365
https://www.airbnb.com/rooms/7401506,https://a2.muscache.com/im/pictures/f0352514-c45f-4097-9312-4529a4c8872d.jpg?aki_policy=large,4887492,https://www.airbnb.com/users/show/4887492,Gershwyn,https://a2.muscache.com/im/pictures/65902472-a387-410f-9973-f59bc1666f96.jpg?aki_policy=profile_x_medium,11,Financial District,Manhattan,40.71021207,-74.00848501,Apartment,350,,3,339
https://www.airbnb.com/rooms/13557528,https://a2.muscache.com/im/pictures/128200e7-0867-448b-9e7d-3cb81e28cd72.jpg?aki_policy=large,5912445,https://www.airbnb.com/users/show/5912445,Bobby,https://a2.muscache.com/im/users/5912445/profile_pic/1381625234/original.jpg?aki_policy=profile_x_medium,11,Richmond Hill,Queens,40.70406824,-73.82311529,Apartment,81,,3,173
https://www.airbnb.com/rooms/10053943,https://a2.muscache.com/im/pictures/4f754c65-360f-4f7a-a711-02f24f51e2a2.jpg?aki_policy=large,2697686,https://www.airbnb.com/users/show/2697686,Glenn H.,https://a1.muscache.com/im/users/2697686/profile_pic/1340330697/original.jpg?aki_policy=profile_x_medium,10,Harlem,Manhattan,40.82914736,-73.94034256,Apartment,99,,10,83
https://www.airbnb.com/rooms/11738270,https://a2.muscache.com/im/pictures/88eb3098-fdd0-4987-9fce-60b82a14f49d.jpg?aki_policy=large,52398267,https://www.airbnb.com/users/show/52398267,Oceanfront Dream Properties,https://a2.muscache.com/im/pictures/278a5a4f-16d5-455e-9672-d017a6fff6e1.jpg?aki_policy=profile_x_medium,10,Shore Acres,Staten Island,40.6089463,-74.06753691,House,79,,3,350
https://www.airbnb.com/rooms/2447847,https://a1.muscache.com/im/pictures/32955859/d23549f4_original.jpg?aki_policy=large,5006781,https://www.airbnb.com/users/show/5006781,Loreta,https://a2.muscache.com/im/users/5006781/profile_pic/1364405373/original.jpg?aki_policy=profile_x_medium,10,Long Island City,Queens,40.75382215,-73.93608356,House,150,,1,302
https://www.airbnb.com/rooms/4444204,https://a2.muscache.com/im/pictures/55842632/b303dcb0_original.jpg?aki_policy=large,5162192,https://www.airbnb.com/users/show/5162192,Amy,https://a1.muscache.com/im/users/5162192/profile_pic/1361586456/original.jpg?aki_policy=profile_x_medium,10,Upper West Side,Manhattan,40.797953,-73.96174965,Apartment,450,,30,236
https://www.airbnb.com/rooms/8386528,https://a0.muscache.com/im/pictures/108977335/b2758276_original.jpg?aki_policy=large,25138109,https://www.airbnb.com/users/show/25138109,Joseph,https://a2.muscache.com/im/pictures/c6908446-ecd4-4ea2-b897-dc9bf40f017c.jpg?aki_policy=profile_x_medium,10,Chelsea,Manhattan,40.74786696,-73.98947239,Apartment,395,,3,335
https://www.airbnb.com/rooms/13604788,https://a2.muscache.com/im/pictures/66d09bcf-d9c2-4f06-8b87-6aa6a6109dcc.jpg?aki_policy=large,78700972,https://www.airbnb.com/users/show/78700972,Matthew,https://a2.muscache.com/im/pictures/68889308-2d0e-4068-8b1b-c15fb1e38529.jpg?aki_policy=profile_x_medium,10,Upper West Side,Manhattan,40.79357894,-73.96605384,Apartment,395,,2,332
https://www.airbnb.com/rooms/2629207,https://a1.muscache.com/im/pictures/46784289/02af5edf_original.jpg?aki_policy=large,3256873,https://www.airbnb.com/users/show/3256873,Nanda,https://a2.muscache.com/im/pictures/97cab2a1-83d9-4c21-9358-dd39cb6be5df.jpg?aki_policy=profile_x_medium,10,Flatiron District,Manhattan,40.7413739,-73.98966153,Apartment,200,,1,327
https://www.airbnb.com/rooms/2782367,https://a0.muscache.com/im/pictures/38064334/da407388_original.jpg?aki_policy=large,1460725,https://www.airbnb.com/users/show/1460725,Pal,https://a2.muscache.com/im/users/1460725/profile_pic/1367857373/original.jpg?aki_policy=profile_x_medium,10,Williamsburg,Brooklyn,40.71589259,-73.95339106,Apartment,300,6500,1,332
https://www.airbnb.com/rooms/13283390,https://a2.muscache.com/im/pictures/07d4c969-2f1f-4ef3-9f5e-adb0a543b05b.jpg?aki_policy=large,6989159,https://www.airbnb.com/users/show/6989159,Tatiana,https://a1.muscache.com/im/users/6989159/profile_pic/1372300244/original.jpg?aki_policy=profile_x_medium,10,Bedford-Stuyvesant,Brooklyn,40.68236509,-73.93784689,Apartment,140,,1,233